Substitution,Number_of_mutations
A[C>A]A,188
A[C>A]C,251
A[C>A]G,317
A[C>A]T,118
C[C>A]A,2947
C[C>A]C,3344
C[C>A]G,8178
C[C>A]T,2180
G[C>A]A,385
G[C>A]C,847
G[C>A]G,808
G[C>A]T,314
T[C>A]A,353
T[C>A]C,376
T[C>A]G,833
T[C>A]T,204
A[C>G]A,287
A[C>G]C,469
A[C>G]G,516
A[C>G]T,177
C[C>G]A,1181
C[C>G]C,1195
C[C>G]G,2428
C[C>G]T,575
G[C>G]A,467
G[C>G]C,1353
G[C>G]G,1166
G[C>G]T,394
T[C>G]A,472
T[C>G]C,497
T[C>G]G,1094
T[C>G]T,339
A[C>T]A,572
A[C>T]C,1202
A[C>T]G,1850
A[C>T]T,536
C[C>T]A,697
C[C>T]C,822
C[C>T]G,2070
C[C>T]T,807
G[C>T]A,1127
G[C>T]C,2836
G[C>T]G,4335
G[C>T]T,1621
T[C>T]A,326
T[C>T]C,604
T[C>T]G,1282
T[C>T]T,444
A[T>A]A,71
A[T>A]C,119
A[T>A]G,119
A[T>A]T,97
C[T>A]A,78
C[T>A]C,228
C[T>A]G,280
C[T>A]T,133
G[T>A]A,56
G[T>A]C,189
G[T>A]G,131
G[T>A]T,137
T[T>A]A,15
T[T>A]C,77
T[T>A]G,82
T[T>A]T,41
A[T>C]A,532
A[T>C]C,956
A[T>C]G,1322
A[T>C]T,628
C[T>C]A,457
C[T>C]C,676
C[T>C]G,1499
C[T>C]T,663
G[T>C]A,638
G[T>C]C,1478
G[T>C]G,2006
G[T>C]T,1156
T[T>C]A,275
T[T>C]C,507
T[T>C]G,783
T[T>C]T,460
A[T>G]A,74
A[T>G]C,161
A[T>G]G,187
A[T>G]T,131
C[T>G]A,130
C[T>G]C,398
C[T>G]G,626
C[T>G]T,191
G[T>G]A,144
G[T>G]C,447
G[T>G]G,292
G[T>G]T,174
T[T>G]A,150
T[T>G]C,221
T[T>G]G,331
T[T>G]T,182
