organism_name	ftp_path	fna
Mycobacterium avium subsp. avium	https://ftp.ncbi.nlm.nih.gov/genomes/all/GCF/009/741/445/GCF_009741445.1_ASM974144v1	https://ftp.ncbi.nlm.nih.gov/genomes/all/GCF/009/741/445/GCF_009741445.1_ASM974144v1/GCF_009741445.1_ASM974144v1_genomic.fna.gz
Mycobacterium avium subsp. avium	https://ftp.ncbi.nlm.nih.gov/genomes/all/GCF/020/735/285/GCF_020735285.1_ASM2073528v1	https://ftp.ncbi.nlm.nih.gov/genomes/all/GCF/020/735/285/GCF_020735285.1_ASM2073528v1/GCF_020735285.1_ASM2073528v1_genomic.fna.gz
Mycobacterium avium subsp. avium	https://ftp.ncbi.nlm.nih.gov/genomes/all/GCF/020/735/405/GCF_020735405.1_ASM2073540v1	https://ftp.ncbi.nlm.nih.gov/genomes/all/GCF/020/735/405/GCF_020735405.1_ASM2073540v1/GCF_020735405.1_ASM2073540v1_genomic.fna.gz
Mycobacterium avium subsp. avium	https://ftp.ncbi.nlm.nih.gov/genomes/all/GCF/021/183/845/GCF_021183845.1_ASM2118384v1	https://ftp.ncbi.nlm.nih.gov/genomes/all/GCF/021/183/845/GCF_021183845.1_ASM2118384v1/GCF_021183845.1_ASM2118384v1_genomic.fna.gz
Mycobacterium avium subsp. avium	https://ftp.ncbi.nlm.nih.gov/genomes/all/GCF/021/183/805/GCF_021183805.1_ASM2118380v1	https://ftp.ncbi.nlm.nih.gov/genomes/all/GCF/021/183/805/GCF_021183805.1_ASM2118380v1/GCF_021183805.1_ASM2118380v1_genomic.fna.gz
Mycobacterium avium subsp. hominissuis	https://ftp.ncbi.nlm.nih.gov/genomes/all/GCF/032/907/445/GCF_032907445.1_ASM3290744v1	https://ftp.ncbi.nlm.nih.gov/genomes/all/GCF/032/907/445/GCF_032907445.1_ASM3290744v1/GCF_032907445.1_ASM3290744v1_genomic.fna.gz
Mycobacterium avium subsp. hominissuis	https://ftp.ncbi.nlm.nih.gov/genomes/all/GCF/032/907/425/GCF_032907425.1_ASM3290742v1	https://ftp.ncbi.nlm.nih.gov/genomes/all/GCF/032/907/425/GCF_032907425.1_ASM3290742v1/GCF_032907425.1_ASM3290742v1_genomic.fna.gz
Mycobacterium avium subsp. hominissuis	https://ftp.ncbi.nlm.nih.gov/genomes/all/GCF/032/907/465/GCF_032907465.1_ASM3290746v1	https://ftp.ncbi.nlm.nih.gov/genomes/all/GCF/032/907/465/GCF_032907465.1_ASM3290746v1/GCF_032907465.1_ASM3290746v1_genomic.fna.gz
Mycobacterium avium subsp. hominissuis	https://ftp.ncbi.nlm.nih.gov/genomes/all/GCF/032/907/485/GCF_032907485.1_ASM3290748v1	https://ftp.ncbi.nlm.nih.gov/genomes/all/GCF/032/907/485/GCF_032907485.1_ASM3290748v1/GCF_032907485.1_ASM3290748v1_genomic.fna.gz
Mycobacterium avium subsp. hominissuis	https://ftp.ncbi.nlm.nih.gov/genomes/all/GCF/038/446/175/GCF_038446175.1_ASM3844617v1	https://ftp.ncbi.nlm.nih.gov/genomes/all/GCF/038/446/175/GCF_038446175.1_ASM3844617v1/GCF_038446175.1_ASM3844617v1_genomic.fna.gz
Mycobacterium avium subsp. hominissuis	https://ftp.ncbi.nlm.nih.gov/genomes/all/GCF/038/446/055/GCF_038446055.1_ASM3844605v1	https://ftp.ncbi.nlm.nih.gov/genomes/all/GCF/038/446/055/GCF_038446055.1_ASM3844605v1/GCF_038446055.1_ASM3844605v1_genomic.fna.gz
Mycobacterium avium subsp. hominissuis	https://ftp.ncbi.nlm.nih.gov/genomes/all/GCF/001/609/945/GCF_001609945.1_ASM160994v1	https://ftp.ncbi.nlm.nih.gov/genomes/all/GCF/001/609/945/GCF_001609945.1_ASM160994v1/GCF_001609945.1_ASM160994v1_genomic.fna.gz
Mycobacterium avium subsp. hominissuis	https://ftp.ncbi.nlm.nih.gov/genomes/all/GCF/001/609/905/GCF_001609905.1_ASM160990v1	https://ftp.ncbi.nlm.nih.gov/genomes/all/GCF/001/609/905/GCF_001609905.1_ASM160990v1/GCF_001609905.1_ASM160990v1_genomic.fna.gz
Mycobacterium avium subsp. hominissuis	https://ftp.ncbi.nlm.nih.gov/genomes/all/GCF/001/610/035/GCF_001610035.1_ASM161003v1	https://ftp.ncbi.nlm.nih.gov/genomes/all/GCF/001/610/035/GCF_001610035.1_ASM161003v1/GCF_001610035.1_ASM161003v1_genomic.fna.gz
Mycobacterium avium subsp. hominissuis	https://ftp.ncbi.nlm.nih.gov/genomes/all/GCF/001/609/895/GCF_001609895.1_ASM160989v1	https://ftp.ncbi.nlm.nih.gov/genomes/all/GCF/001/609/895/GCF_001609895.1_ASM160989v1/GCF_001609895.1_ASM160989v1_genomic.fna.gz
Mycobacterium avium subsp. hominissuis	https://ftp.ncbi.nlm.nih.gov/genomes/all/GCF/001/610/285/GCF_001610285.1_ASM161028v1	https://ftp.ncbi.nlm.nih.gov/genomes/all/GCF/001/610/285/GCF_001610285.1_ASM161028v1/GCF_001610285.1_ASM161028v1_genomic.fna.gz
Mycobacterium avium subsp. hominissuis	https://ftp.ncbi.nlm.nih.gov/genomes/all/GCF/001/610/265/GCF_001610265.1_ASM161026v1	https://ftp.ncbi.nlm.nih.gov/genomes/all/GCF/001/610/265/GCF_001610265.1_ASM161026v1/GCF_001610265.1_ASM161026v1_genomic.fna.gz
Mycobacterium avium subsp. hominissuis	https://ftp.ncbi.nlm.nih.gov/genomes/all/GCF/001/609/975/GCF_001609975.1_ASM160997v1	https://ftp.ncbi.nlm.nih.gov/genomes/all/GCF/001/609/975/GCF_001609975.1_ASM160997v1/GCF_001609975.1_ASM160997v1_genomic.fna.gz
Mycobacterium avium subsp. hominissuis	https://ftp.ncbi.nlm.nih.gov/genomes/all/GCF/001/610/405/GCF_001610405.1_ASM161040v1	https://ftp.ncbi.nlm.nih.gov/genomes/all/GCF/001/610/405/GCF_001610405.1_ASM161040v1/GCF_001610405.1_ASM161040v1_genomic.fna.gz
Mycobacterium avium subsp. hominissuis	https://ftp.ncbi.nlm.nih.gov/genomes/all/GCF/001/610/355/GCF_001610355.1_ASM161035v1	https://ftp.ncbi.nlm.nih.gov/genomes/all/GCF/001/610/355/GCF_001610355.1_ASM161035v1/GCF_001610355.1_ASM161035v1_genomic.fna.gz
Mycobacterium avium subsp. hominissuis	https://ftp.ncbi.nlm.nih.gov/genomes/all/GCF/001/610/055/GCF_001610055.1_ASM161005v1	https://ftp.ncbi.nlm.nih.gov/genomes/all/GCF/001/610/055/GCF_001610055.1_ASM161005v1/GCF_001610055.1_ASM161005v1_genomic.fna.gz
Mycobacterium avium subsp. hominissuis	https://ftp.ncbi.nlm.nih.gov/genomes/all/GCF/001/610/565/GCF_001610565.1_ASM161056v1	https://ftp.ncbi.nlm.nih.gov/genomes/all/GCF/001/610/565/GCF_001610565.1_ASM161056v1/GCF_001610565.1_ASM161056v1_genomic.fna.gz
Mycobacterium avium subsp. hominissuis	https://ftp.ncbi.nlm.nih.gov/genomes/all/GCF/001/610/335/GCF_001610335.1_ASM161033v1	https://ftp.ncbi.nlm.nih.gov/genomes/all/GCF/001/610/335/GCF_001610335.1_ASM161033v1/GCF_001610335.1_ASM161033v1_genomic.fna.gz
Mycobacterium avium subsp. hominissuis	https://ftp.ncbi.nlm.nih.gov/genomes/all/GCF/001/610/465/GCF_001610465.1_ASM161046v1	https://ftp.ncbi.nlm.nih.gov/genomes/all/GCF/001/610/465/GCF_001610465.1_ASM161046v1/GCF_001610465.1_ASM161046v1_genomic.fna.gz
Mycobacterium avium subsp. hominissuis	https://ftp.ncbi.nlm.nih.gov/genomes/all/GCF/001/610/475/GCF_001610475.1_ASM161047v1	https://ftp.ncbi.nlm.nih.gov/genomes/all/GCF/001/610/475/GCF_001610475.1_ASM161047v1/GCF_001610475.1_ASM161047v1_genomic.fna.gz
Mycobacterium avium subsp. hominissuis	https://ftp.ncbi.nlm.nih.gov/genomes/all/GCF/001/610/185/GCF_001610185.1_ASM161018v1	https://ftp.ncbi.nlm.nih.gov/genomes/all/GCF/001/610/185/GCF_001610185.1_ASM161018v1/GCF_001610185.1_ASM161018v1_genomic.fna.gz
Mycobacterium avium subsp. hominissuis	https://ftp.ncbi.nlm.nih.gov/genomes/all/GCF/001/610/095/GCF_001610095.1_ASM161009v1	https://ftp.ncbi.nlm.nih.gov/genomes/all/GCF/001/610/095/GCF_001610095.1_ASM161009v1/GCF_001610095.1_ASM161009v1_genomic.fna.gz
Mycobacterium avium subsp. hominissuis	https://ftp.ncbi.nlm.nih.gov/genomes/all/GCF/001/610/235/GCF_001610235.1_ASM161023v1	https://ftp.ncbi.nlm.nih.gov/genomes/all/GCF/001/610/235/GCF_001610235.1_ASM161023v1/GCF_001610235.1_ASM161023v1_genomic.fna.gz
Mycobacterium avium subsp. hominissuis	https://ftp.ncbi.nlm.nih.gov/genomes/all/GCF/001/610/145/GCF_001610145.1_ASM161014v1	https://ftp.ncbi.nlm.nih.gov/genomes/all/GCF/001/610/145/GCF_001610145.1_ASM161014v1/GCF_001610145.1_ASM161014v1_genomic.fna.gz
Mycobacterium avium subsp. hominissuis	https://ftp.ncbi.nlm.nih.gov/genomes/all/GCF/001/610/545/GCF_001610545.1_ASM161054v1	https://ftp.ncbi.nlm.nih.gov/genomes/all/GCF/001/610/545/GCF_001610545.1_ASM161054v1/GCF_001610545.1_ASM161054v1_genomic.fna.gz
Mycobacterium avium subsp. hominissuis	https://ftp.ncbi.nlm.nih.gov/genomes/all/GCF/001/609/925/GCF_001609925.1_ASM160992v1	https://ftp.ncbi.nlm.nih.gov/genomes/all/GCF/001/609/925/GCF_001609925.1_ASM160992v1/GCF_001609925.1_ASM160992v1_genomic.fna.gz
Mycobacterium avium subsp. hominissuis	https://ftp.ncbi.nlm.nih.gov/genomes/all/GCF/001/609/865/GCF_001609865.1_ASM160986v1	https://ftp.ncbi.nlm.nih.gov/genomes/all/GCF/001/609/865/GCF_001609865.1_ASM160986v1/GCF_001609865.1_ASM160986v1_genomic.fna.gz
Mycobacterium avium subsp. hominissuis	https://ftp.ncbi.nlm.nih.gov/genomes/all/GCF/001/610/395/GCF_001610395.1_ASM161039v1	https://ftp.ncbi.nlm.nih.gov/genomes/all/GCF/001/610/395/GCF_001610395.1_ASM161039v1/GCF_001610395.1_ASM161039v1_genomic.fna.gz
Mycobacterium avium subsp. hominissuis	https://ftp.ncbi.nlm.nih.gov/genomes/all/GCF/001/610/375/GCF_001610375.1_ASM161037v1	https://ftp.ncbi.nlm.nih.gov/genomes/all/GCF/001/610/375/GCF_001610375.1_ASM161037v1/GCF_001610375.1_ASM161037v1_genomic.fna.gz
Mycobacterium avium subsp. hominissuis	https://ftp.ncbi.nlm.nih.gov/genomes/all/GCF/001/936/215/GCF_001936215.1_ASM193621v1	https://ftp.ncbi.nlm.nih.gov/genomes/all/GCF/001/936/215/GCF_001936215.1_ASM193621v1/GCF_001936215.1_ASM193621v1_genomic.fna.gz
Mycobacterium avium subsp. hominissuis	https://ftp.ncbi.nlm.nih.gov/genomes/all/GCF/002/089/455/GCF_002089455.1_ASM208945v1	https://ftp.ncbi.nlm.nih.gov/genomes/all/GCF/002/089/455/GCF_002089455.1_ASM208945v1/GCF_002089455.1_ASM208945v1_genomic.fna.gz
Mycobacterium avium subsp. hominissuis	https://ftp.ncbi.nlm.nih.gov/genomes/all/GCF/002/089/775/GCF_002089775.1_ASM208977v1	https://ftp.ncbi.nlm.nih.gov/genomes/all/GCF/002/089/775/GCF_002089775.1_ASM208977v1/GCF_002089775.1_ASM208977v1_genomic.fna.gz
Mycobacterium avium subsp. hominissuis	https://ftp.ncbi.nlm.nih.gov/genomes/all/GCF/002/090/015/GCF_002090015.1_ASM209001v1	https://ftp.ncbi.nlm.nih.gov/genomes/all/GCF/002/090/015/GCF_002090015.1_ASM209001v1/GCF_002090015.1_ASM209001v1_genomic.fna.gz
Mycobacterium avium subsp. hominissuis	https://ftp.ncbi.nlm.nih.gov/genomes/all/GCF/002/089/335/GCF_002089335.1_ASM208933v1	https://ftp.ncbi.nlm.nih.gov/genomes/all/GCF/002/089/335/GCF_002089335.1_ASM208933v1/GCF_002089335.1_ASM208933v1_genomic.fna.gz
Mycobacterium avium subsp. hominissuis	https://ftp.ncbi.nlm.nih.gov/genomes/all/GCF/002/089/635/GCF_002089635.1_ASM208963v1	https://ftp.ncbi.nlm.nih.gov/genomes/all/GCF/002/089/635/GCF_002089635.1_ASM208963v1/GCF_002089635.1_ASM208963v1_genomic.fna.gz
Mycobacterium avium subsp. hominissuis	https://ftp.ncbi.nlm.nih.gov/genomes/all/GCF/002/089/215/GCF_002089215.1_ASM208921v1	https://ftp.ncbi.nlm.nih.gov/genomes/all/GCF/002/089/215/GCF_002089215.1_ASM208921v1/GCF_002089215.1_ASM208921v1_genomic.fna.gz
Mycobacterium avium subsp. hominissuis	https://ftp.ncbi.nlm.nih.gov/genomes/all/GCF/002/089/815/GCF_002089815.1_ASM208981v1	https://ftp.ncbi.nlm.nih.gov/genomes/all/GCF/002/089/815/GCF_002089815.1_ASM208981v1/GCF_002089815.1_ASM208981v1_genomic.fna.gz
Mycobacterium avium subsp. hominissuis	https://ftp.ncbi.nlm.nih.gov/genomes/all/GCF/002/089/475/GCF_002089475.1_ASM208947v1	https://ftp.ncbi.nlm.nih.gov/genomes/all/GCF/002/089/475/GCF_002089475.1_ASM208947v1/GCF_002089475.1_ASM208947v1_genomic.fna.gz
Mycobacterium avium subsp. hominissuis	https://ftp.ncbi.nlm.nih.gov/genomes/all/GCF/002/089/795/GCF_002089795.1_ASM208979v1	https://ftp.ncbi.nlm.nih.gov/genomes/all/GCF/002/089/795/GCF_002089795.1_ASM208979v1/GCF_002089795.1_ASM208979v1_genomic.fna.gz
Mycobacterium avium subsp. hominissuis	https://ftp.ncbi.nlm.nih.gov/genomes/all/GCF/002/089/895/GCF_002089895.1_ASM208989v1	https://ftp.ncbi.nlm.nih.gov/genomes/all/GCF/002/089/895/GCF_002089895.1_ASM208989v1/GCF_002089895.1_ASM208989v1_genomic.fna.gz
Mycobacterium avium subsp. hominissuis	https://ftp.ncbi.nlm.nih.gov/genomes/all/GCF/002/089/735/GCF_002089735.1_ASM208973v1	https://ftp.ncbi.nlm.nih.gov/genomes/all/GCF/002/089/735/GCF_002089735.1_ASM208973v1/GCF_002089735.1_ASM208973v1_genomic.fna.gz
Mycobacterium avium subsp. hominissuis	https://ftp.ncbi.nlm.nih.gov/genomes/all/GCF/002/089/835/GCF_002089835.1_ASM208983v1	https://ftp.ncbi.nlm.nih.gov/genomes/all/GCF/002/089/835/GCF_002089835.1_ASM208983v1/GCF_002089835.1_ASM208983v1_genomic.fna.gz
Mycobacterium avium subsp. hominissuis	https://ftp.ncbi.nlm.nih.gov/genomes/all/GCF/002/089/955/GCF_002089955.1_ASM208995v1	https://ftp.ncbi.nlm.nih.gov/genomes/all/GCF/002/089/955/GCF_002089955.1_ASM208995v1/GCF_002089955.1_ASM208995v1_genomic.fna.gz
Mycobacterium avium subsp. hominissuis	https://ftp.ncbi.nlm.nih.gov/genomes/all/GCF/002/089/995/GCF_002089995.1_ASM208999v1	https://ftp.ncbi.nlm.nih.gov/genomes/all/GCF/002/089/995/GCF_002089995.1_ASM208999v1/GCF_002089995.1_ASM208999v1_genomic.fna.gz
Mycobacterium avium subsp. hominissuis	https://ftp.ncbi.nlm.nih.gov/genomes/all/GCF/002/089/295/GCF_002089295.1_ASM208929v1	https://ftp.ncbi.nlm.nih.gov/genomes/all/GCF/002/089/295/GCF_002089295.1_ASM208929v1/GCF_002089295.1_ASM208929v1_genomic.fna.gz
Mycobacterium avium subsp. hominissuis	https://ftp.ncbi.nlm.nih.gov/genomes/all/GCF/002/089/615/GCF_002089615.1_ASM208961v1	https://ftp.ncbi.nlm.nih.gov/genomes/all/GCF/002/089/615/GCF_002089615.1_ASM208961v1/GCF_002089615.1_ASM208961v1_genomic.fna.gz
Mycobacterium avium subsp. hominissuis	https://ftp.ncbi.nlm.nih.gov/genomes/all/GCF/002/089/915/GCF_002089915.1_ASM208991v1	https://ftp.ncbi.nlm.nih.gov/genomes/all/GCF/002/089/915/GCF_002089915.1_ASM208991v1/GCF_002089915.1_ASM208991v1_genomic.fna.gz
Mycobacterium avium subsp. hominissuis	https://ftp.ncbi.nlm.nih.gov/genomes/all/GCF/002/089/175/GCF_002089175.1_ASM208917v1	https://ftp.ncbi.nlm.nih.gov/genomes/all/GCF/002/089/175/GCF_002089175.1_ASM208917v1/GCF_002089175.1_ASM208917v1_genomic.fna.gz
Mycobacterium avium subsp. hominissuis	https://ftp.ncbi.nlm.nih.gov/genomes/all/GCF/002/089/275/GCF_002089275.1_ASM208927v1	https://ftp.ncbi.nlm.nih.gov/genomes/all/GCF/002/089/275/GCF_002089275.1_ASM208927v1/GCF_002089275.1_ASM208927v1_genomic.fna.gz
Mycobacterium avium subsp. hominissuis	https://ftp.ncbi.nlm.nih.gov/genomes/all/GCF/002/089/495/GCF_002089495.1_ASM208949v1	https://ftp.ncbi.nlm.nih.gov/genomes/all/GCF/002/089/495/GCF_002089495.1_ASM208949v1/GCF_002089495.1_ASM208949v1_genomic.fna.gz
Mycobacterium avium subsp. hominissuis	https://ftp.ncbi.nlm.nih.gov/genomes/all/GCF/002/089/575/GCF_002089575.1_ASM208957v1	https://ftp.ncbi.nlm.nih.gov/genomes/all/GCF/002/089/575/GCF_002089575.1_ASM208957v1/GCF_002089575.1_ASM208957v1_genomic.fna.gz
Mycobacterium avium subsp. hominissuis	https://ftp.ncbi.nlm.nih.gov/genomes/all/GCF/002/304/075/GCF_002304075.1_ASM230407v1	https://ftp.ncbi.nlm.nih.gov/genomes/all/GCF/002/304/075/GCF_002304075.1_ASM230407v1/GCF_002304075.1_ASM230407v1_genomic.fna.gz
Mycobacterium avium subsp. hominissuis	https://ftp.ncbi.nlm.nih.gov/genomes/all/GCF/002/304/195/GCF_002304195.1_ASM230419v1	https://ftp.ncbi.nlm.nih.gov/genomes/all/GCF/002/304/195/GCF_002304195.1_ASM230419v1/GCF_002304195.1_ASM230419v1_genomic.fna.gz
Mycobacterium avium subsp. hominissuis	https://ftp.ncbi.nlm.nih.gov/genomes/all/GCF/002/304/095/GCF_002304095.1_ASM230409v1	https://ftp.ncbi.nlm.nih.gov/genomes/all/GCF/002/304/095/GCF_002304095.1_ASM230409v1/GCF_002304095.1_ASM230409v1_genomic.fna.gz
Mycobacterium avium subsp. hominissuis	https://ftp.ncbi.nlm.nih.gov/genomes/all/GCF/002/304/125/GCF_002304125.1_ASM230412v1	https://ftp.ncbi.nlm.nih.gov/genomes/all/GCF/002/304/125/GCF_002304125.1_ASM230412v1/GCF_002304125.1_ASM230412v1_genomic.fna.gz
Mycobacterium avium subsp. hominissuis	https://ftp.ncbi.nlm.nih.gov/genomes/all/GCF/002/304/155/GCF_002304155.1_ASM230415v1	https://ftp.ncbi.nlm.nih.gov/genomes/all/GCF/002/304/155/GCF_002304155.1_ASM230415v1/GCF_002304155.1_ASM230415v1_genomic.fna.gz
Mycobacterium avium subsp. hominissuis	https://ftp.ncbi.nlm.nih.gov/genomes/all/GCF/002/300/575/GCF_002300575.1_ASM230057v1	https://ftp.ncbi.nlm.nih.gov/genomes/all/GCF/002/300/575/GCF_002300575.1_ASM230057v1/GCF_002300575.1_ASM230057v1_genomic.fna.gz
Mycobacterium avium subsp. hominissuis	https://ftp.ncbi.nlm.nih.gov/genomes/all/GCF/002/304/055/GCF_002304055.1_ASM230405v1	https://ftp.ncbi.nlm.nih.gov/genomes/all/GCF/002/304/055/GCF_002304055.1_ASM230405v1/GCF_002304055.1_ASM230405v1_genomic.fna.gz
Mycobacterium avium subsp. hominissuis	https://ftp.ncbi.nlm.nih.gov/genomes/all/GCF/002/304/145/GCF_002304145.1_ASM230414v1	https://ftp.ncbi.nlm.nih.gov/genomes/all/GCF/002/304/145/GCF_002304145.1_ASM230414v1/GCF_002304145.1_ASM230414v1_genomic.fna.gz
Mycobacterium avium subsp. hominissuis	https://ftp.ncbi.nlm.nih.gov/genomes/all/GCF/002/894/725/GCF_002894725.1_ASM289472v1	https://ftp.ncbi.nlm.nih.gov/genomes/all/GCF/002/894/725/GCF_002894725.1_ASM289472v1/GCF_002894725.1_ASM289472v1_genomic.fna.gz
Mycobacterium avium subsp. hominissuis	https://ftp.ncbi.nlm.nih.gov/genomes/all/GCF/005/518/015/GCF_005518015.1_ASM551801v1	https://ftp.ncbi.nlm.nih.gov/genomes/all/GCF/005/518/015/GCF_005518015.1_ASM551801v1/GCF_005518015.1_ASM551801v1_genomic.fna.gz
Mycobacterium avium subsp. hominissuis	https://ftp.ncbi.nlm.nih.gov/genomes/all/GCF/005/518/035/GCF_005518035.1_ASM551803v1	https://ftp.ncbi.nlm.nih.gov/genomes/all/GCF/005/518/035/GCF_005518035.1_ASM551803v1/GCF_005518035.1_ASM551803v1_genomic.fna.gz
Mycobacterium avium subsp. hominissuis	https://ftp.ncbi.nlm.nih.gov/genomes/all/GCF/002/894/715/GCF_002894715.1_ASM289471v1	https://ftp.ncbi.nlm.nih.gov/genomes/all/GCF/002/894/715/GCF_002894715.1_ASM289471v1/GCF_002894715.1_ASM289471v1_genomic.fna.gz
Mycobacterium avium subsp. hominissuis	https://ftp.ncbi.nlm.nih.gov/genomes/all/GCF/002/928/225/GCF_002928225.1_ASM292822v1	https://ftp.ncbi.nlm.nih.gov/genomes/all/GCF/002/928/225/GCF_002928225.1_ASM292822v1/GCF_002928225.1_ASM292822v1_genomic.fna.gz
Mycobacterium avium subsp. hominissuis	https://ftp.ncbi.nlm.nih.gov/genomes/all/GCF/001/610/135/GCF_001610135.1_ASM161013v1	https://ftp.ncbi.nlm.nih.gov/genomes/all/GCF/001/610/135/GCF_001610135.1_ASM161013v1/GCF_001610135.1_ASM161013v1_genomic.fna.gz
Mycobacterium avium subsp. hominissuis	https://ftp.ncbi.nlm.nih.gov/genomes/all/GCF/001/610/165/GCF_001610165.1_ASM161016v1	https://ftp.ncbi.nlm.nih.gov/genomes/all/GCF/001/610/165/GCF_001610165.1_ASM161016v1/GCF_001610165.1_ASM161016v1_genomic.fna.gz
Mycobacterium avium subsp. hominissuis	https://ftp.ncbi.nlm.nih.gov/genomes/all/GCF/001/610/005/GCF_001610005.1_ASM161000v1	https://ftp.ncbi.nlm.nih.gov/genomes/all/GCF/001/610/005/GCF_001610005.1_ASM161000v1/GCF_001610005.1_ASM161000v1_genomic.fna.gz
Mycobacterium avium subsp. hominissuis	https://ftp.ncbi.nlm.nih.gov/genomes/all/GCF/001/610/215/GCF_001610215.1_ASM161021v1	https://ftp.ncbi.nlm.nih.gov/genomes/all/GCF/001/610/215/GCF_001610215.1_ASM161021v1/GCF_001610215.1_ASM161021v1_genomic.fna.gz
Mycobacterium avium subsp. hominissuis	https://ftp.ncbi.nlm.nih.gov/genomes/all/GCF/001/610/515/GCF_001610515.1_ASM161051v1	https://ftp.ncbi.nlm.nih.gov/genomes/all/GCF/001/610/515/GCF_001610515.1_ASM161051v1/GCF_001610515.1_ASM161051v1_genomic.fna.gz
Mycobacterium avium subsp. hominissuis	https://ftp.ncbi.nlm.nih.gov/genomes/all/GCF/001/610/065/GCF_001610065.1_ASM161006v1	https://ftp.ncbi.nlm.nih.gov/genomes/all/GCF/001/610/065/GCF_001610065.1_ASM161006v1/GCF_001610065.1_ASM161006v1_genomic.fna.gz
Mycobacterium avium subsp. hominissuis	https://ftp.ncbi.nlm.nih.gov/genomes/all/GCF/001/610/435/GCF_001610435.1_ASM161043v1	https://ftp.ncbi.nlm.nih.gov/genomes/all/GCF/001/610/435/GCF_001610435.1_ASM161043v1/GCF_001610435.1_ASM161043v1_genomic.fna.gz
Mycobacterium avium subsp. hominissuis	https://ftp.ncbi.nlm.nih.gov/genomes/all/GCF/900/079/575/GCF_900079575.1_LYM122	https://ftp.ncbi.nlm.nih.gov/genomes/all/GCF/900/079/575/GCF_900079575.1_LYM122/GCF_900079575.1_LYM122_genomic.fna.gz
Mycobacterium avium subsp. hominissuis	https://ftp.ncbi.nlm.nih.gov/genomes/all/GCF/001/583/545/GCF_001583545.1_ASM158354v1	https://ftp.ncbi.nlm.nih.gov/genomes/all/GCF/001/583/545/GCF_001583545.1_ASM158354v1/GCF_001583545.1_ASM158354v1_genomic.fna.gz
Mycobacterium avium subsp. hominissuis	https://ftp.ncbi.nlm.nih.gov/genomes/all/GCF/001/609/985/GCF_001609985.1_ASM160998v1	https://ftp.ncbi.nlm.nih.gov/genomes/all/GCF/001/609/985/GCF_001609985.1_ASM160998v1/GCF_001609985.1_ASM160998v1_genomic.fna.gz
Mycobacterium avium subsp. hominissuis	https://ftp.ncbi.nlm.nih.gov/genomes/all/GCF/001/610/105/GCF_001610105.1_ASM161010v1	https://ftp.ncbi.nlm.nih.gov/genomes/all/GCF/001/610/105/GCF_001610105.1_ASM161010v1/GCF_001610105.1_ASM161010v1_genomic.fna.gz
Mycobacterium avium subsp. hominissuis	https://ftp.ncbi.nlm.nih.gov/genomes/all/GCF/001/610/525/GCF_001610525.1_ASM161052v1	https://ftp.ncbi.nlm.nih.gov/genomes/all/GCF/001/610/525/GCF_001610525.1_ASM161052v1/GCF_001610525.1_ASM161052v1_genomic.fna.gz
Mycobacterium avium subsp. hominissuis	https://ftp.ncbi.nlm.nih.gov/genomes/all/GCF/001/610/315/GCF_001610315.1_ASM161031v1	https://ftp.ncbi.nlm.nih.gov/genomes/all/GCF/001/610/315/GCF_001610315.1_ASM161031v1/GCF_001610315.1_ASM161031v1_genomic.fna.gz
Mycobacterium avium subsp. hominissuis	https://ftp.ncbi.nlm.nih.gov/genomes/all/GCF/001/610/245/GCF_001610245.1_ASM161024v1	https://ftp.ncbi.nlm.nih.gov/genomes/all/GCF/001/610/245/GCF_001610245.1_ASM161024v1/GCF_001610245.1_ASM161024v1_genomic.fna.gz
Mycobacterium avium subsp. hominissuis	https://ftp.ncbi.nlm.nih.gov/genomes/all/GCF/001/610/445/GCF_001610445.1_ASM161044v1	https://ftp.ncbi.nlm.nih.gov/genomes/all/GCF/001/610/445/GCF_001610445.1_ASM161044v1/GCF_001610445.1_ASM161044v1_genomic.fna.gz
Mycobacterium avium subsp. hominissuis	https://ftp.ncbi.nlm.nih.gov/genomes/all/GCF/900/079/545/GCF_900079545.1_LYM086	https://ftp.ncbi.nlm.nih.gov/genomes/all/GCF/900/079/545/GCF_900079545.1_LYM086/GCF_900079545.1_LYM086_genomic.fna.gz
Mycobacterium avium subsp. hominissuis	https://ftp.ncbi.nlm.nih.gov/genomes/all/GCF/900/079/425/GCF_900079425.1_12_067	https://ftp.ncbi.nlm.nih.gov/genomes/all/GCF/900/079/425/GCF_900079425.1_12_067/GCF_900079425.1_12_067_genomic.fna.gz
Mycobacterium avium subsp. hominissuis	https://ftp.ncbi.nlm.nih.gov/genomes/all/GCF/900/079/485/GCF_900079485.1_12_062	https://ftp.ncbi.nlm.nih.gov/genomes/all/GCF/900/079/485/GCF_900079485.1_12_062/GCF_900079485.1_12_062_genomic.fna.gz
Mycobacterium avium subsp. hominissuis	https://ftp.ncbi.nlm.nih.gov/genomes/all/GCF/001/956/335/GCF_001956335.1_ASM195633v1	https://ftp.ncbi.nlm.nih.gov/genomes/all/GCF/001/956/335/GCF_001956335.1_ASM195633v1/GCF_001956335.1_ASM195633v1_genomic.fna.gz
Mycobacterium avium subsp. hominissuis	https://ftp.ncbi.nlm.nih.gov/genomes/all/GCF/002/089/555/GCF_002089555.1_ASM208955v1	https://ftp.ncbi.nlm.nih.gov/genomes/all/GCF/002/089/555/GCF_002089555.1_ASM208955v1/GCF_002089555.1_ASM208955v1_genomic.fna.gz
Mycobacterium avium subsp. hominissuis	https://ftp.ncbi.nlm.nih.gov/genomes/all/GCF/002/089/135/GCF_002089135.1_ASM208913v1	https://ftp.ncbi.nlm.nih.gov/genomes/all/GCF/002/089/135/GCF_002089135.1_ASM208913v1/GCF_002089135.1_ASM208913v1_genomic.fna.gz
Mycobacterium avium subsp. hominissuis	https://ftp.ncbi.nlm.nih.gov/genomes/all/GCF/002/089/255/GCF_002089255.1_ASM208925v1	https://ftp.ncbi.nlm.nih.gov/genomes/all/GCF/002/089/255/GCF_002089255.1_ASM208925v1/GCF_002089255.1_ASM208925v1_genomic.fna.gz
Mycobacterium avium subsp. hominissuis	https://ftp.ncbi.nlm.nih.gov/genomes/all/GCF/002/089/355/GCF_002089355.1_ASM208935v1	https://ftp.ncbi.nlm.nih.gov/genomes/all/GCF/002/089/355/GCF_002089355.1_ASM208935v1/GCF_002089355.1_ASM208935v1_genomic.fna.gz
Mycobacterium avium subsp. hominissuis	https://ftp.ncbi.nlm.nih.gov/genomes/all/GCF/002/089/675/GCF_002089675.1_ASM208967v1	https://ftp.ncbi.nlm.nih.gov/genomes/all/GCF/002/089/675/GCF_002089675.1_ASM208967v1/GCF_002089675.1_ASM208967v1_genomic.fna.gz
Mycobacterium avium subsp. hominissuis	https://ftp.ncbi.nlm.nih.gov/genomes/all/GCF/002/089/755/GCF_002089755.1_ASM208975v1	https://ftp.ncbi.nlm.nih.gov/genomes/all/GCF/002/089/755/GCF_002089755.1_ASM208975v1/GCF_002089755.1_ASM208975v1_genomic.fna.gz
Mycobacterium avium subsp. hominissuis	https://ftp.ncbi.nlm.nih.gov/genomes/all/GCF/002/089/875/GCF_002089875.1_ASM208987v1	https://ftp.ncbi.nlm.nih.gov/genomes/all/GCF/002/089/875/GCF_002089875.1_ASM208987v1/GCF_002089875.1_ASM208987v1_genomic.fna.gz
Mycobacterium avium subsp. hominissuis	https://ftp.ncbi.nlm.nih.gov/genomes/all/GCF/002/089/975/GCF_002089975.1_ASM208997v1	https://ftp.ncbi.nlm.nih.gov/genomes/all/GCF/002/089/975/GCF_002089975.1_ASM208997v1/GCF_002089975.1_ASM208997v1_genomic.fna.gz
Mycobacterium avium subsp. hominissuis	https://ftp.ncbi.nlm.nih.gov/genomes/all/GCF/002/089/535/GCF_002089535.1_ASM208953v1	https://ftp.ncbi.nlm.nih.gov/genomes/all/GCF/002/089/535/GCF_002089535.1_ASM208953v1/GCF_002089535.1_ASM208953v1_genomic.fna.gz
Mycobacterium avium subsp. hominissuis	https://ftp.ncbi.nlm.nih.gov/genomes/all/GCF/002/089/935/GCF_002089935.1_ASM208993v1	https://ftp.ncbi.nlm.nih.gov/genomes/all/GCF/002/089/935/GCF_002089935.1_ASM208993v1/GCF_002089935.1_ASM208993v1_genomic.fna.gz
Mycobacterium avium subsp. hominissuis	https://ftp.ncbi.nlm.nih.gov/genomes/all/GCF/002/090/035/GCF_002090035.1_ASM209003v1	https://ftp.ncbi.nlm.nih.gov/genomes/all/GCF/002/090/035/GCF_002090035.1_ASM209003v1/GCF_002090035.1_ASM209003v1_genomic.fna.gz
Mycobacterium avium subsp. hominissuis	https://ftp.ncbi.nlm.nih.gov/genomes/all/GCF/002/089/195/GCF_002089195.1_ASM208919v1	https://ftp.ncbi.nlm.nih.gov/genomes/all/GCF/002/089/195/GCF_002089195.1_ASM208919v1/GCF_002089195.1_ASM208919v1_genomic.fna.gz
Mycobacterium avium subsp. hominissuis	https://ftp.ncbi.nlm.nih.gov/genomes/all/GCF/002/089/395/GCF_002089395.1_ASM208939v1	https://ftp.ncbi.nlm.nih.gov/genomes/all/GCF/002/089/395/GCF_002089395.1_ASM208939v1/GCF_002089395.1_ASM208939v1_genomic.fna.gz
Mycobacterium avium subsp. hominissuis	https://ftp.ncbi.nlm.nih.gov/genomes/all/GCF/002/089/695/GCF_002089695.1_ASM208969v1	https://ftp.ncbi.nlm.nih.gov/genomes/all/GCF/002/089/695/GCF_002089695.1_ASM208969v1/GCF_002089695.1_ASM208969v1_genomic.fna.gz
Mycobacterium avium subsp. hominissuis	https://ftp.ncbi.nlm.nih.gov/genomes/all/GCF/002/089/155/GCF_002089155.1_ASM208915v1	https://ftp.ncbi.nlm.nih.gov/genomes/all/GCF/002/089/155/GCF_002089155.1_ASM208915v1/GCF_002089155.1_ASM208915v1_genomic.fna.gz
Mycobacterium avium subsp. hominissuis	https://ftp.ncbi.nlm.nih.gov/genomes/all/GCF/002/089/655/GCF_002089655.1_ASM208965v1	https://ftp.ncbi.nlm.nih.gov/genomes/all/GCF/002/089/655/GCF_002089655.1_ASM208965v1/GCF_002089655.1_ASM208965v1_genomic.fna.gz
Mycobacterium avium subsp. hominissuis	https://ftp.ncbi.nlm.nih.gov/genomes/all/GCF/002/089/855/GCF_002089855.1_ASM208985v1	https://ftp.ncbi.nlm.nih.gov/genomes/all/GCF/002/089/855/GCF_002089855.1_ASM208985v1/GCF_002089855.1_ASM208985v1_genomic.fna.gz
Mycobacterium avium subsp. hominissuis	https://ftp.ncbi.nlm.nih.gov/genomes/all/GCF/002/089/235/GCF_002089235.1_ASM208923v1	https://ftp.ncbi.nlm.nih.gov/genomes/all/GCF/002/089/235/GCF_002089235.1_ASM208923v1/GCF_002089235.1_ASM208923v1_genomic.fna.gz
Mycobacterium avium subsp. hominissuis	https://ftp.ncbi.nlm.nih.gov/genomes/all/GCF/002/089/435/GCF_002089435.1_ASM208943v1	https://ftp.ncbi.nlm.nih.gov/genomes/all/GCF/002/089/435/GCF_002089435.1_ASM208943v1/GCF_002089435.1_ASM208943v1_genomic.fna.gz
Mycobacterium avium subsp. hominissuis	https://ftp.ncbi.nlm.nih.gov/genomes/all/GCF/002/089/315/GCF_002089315.1_ASM208931v1	https://ftp.ncbi.nlm.nih.gov/genomes/all/GCF/002/089/315/GCF_002089315.1_ASM208931v1/GCF_002089315.1_ASM208931v1_genomic.fna.gz
Mycobacterium avium subsp. hominissuis	https://ftp.ncbi.nlm.nih.gov/genomes/all/GCF/002/089/415/GCF_002089415.1_ASM208941v1	https://ftp.ncbi.nlm.nih.gov/genomes/all/GCF/002/089/415/GCF_002089415.1_ASM208941v1/GCF_002089415.1_ASM208941v1_genomic.fna.gz
Mycobacterium avium subsp. hominissuis	https://ftp.ncbi.nlm.nih.gov/genomes/all/GCF/002/089/715/GCF_002089715.1_ASM208971v1	https://ftp.ncbi.nlm.nih.gov/genomes/all/GCF/002/089/715/GCF_002089715.1_ASM208971v1/GCF_002089715.1_ASM208971v1_genomic.fna.gz
Mycobacterium avium subsp. hominissuis	https://ftp.ncbi.nlm.nih.gov/genomes/all/GCF/002/089/375/GCF_002089375.1_ASM208937v1	https://ftp.ncbi.nlm.nih.gov/genomes/all/GCF/002/089/375/GCF_002089375.1_ASM208937v1/GCF_002089375.1_ASM208937v1_genomic.fna.gz
Mycobacterium avium subsp. hominissuis	https://ftp.ncbi.nlm.nih.gov/genomes/all/GCF/002/089/595/GCF_002089595.1_ASM208959v1	https://ftp.ncbi.nlm.nih.gov/genomes/all/GCF/002/089/595/GCF_002089595.1_ASM208959v1/GCF_002089595.1_ASM208959v1_genomic.fna.gz
Mycobacterium avium subsp. hominissuis	https://ftp.ncbi.nlm.nih.gov/genomes/all/GCF/002/201/735/GCF_002201735.1_ASM220173v1	https://ftp.ncbi.nlm.nih.gov/genomes/all/GCF/002/201/735/GCF_002201735.1_ASM220173v1/GCF_002201735.1_ASM220173v1_genomic.fna.gz
Mycobacterium avium subsp. hominissuis	https://ftp.ncbi.nlm.nih.gov/genomes/all/GCF/002/928/265/GCF_002928265.1_ASM292826v1	https://ftp.ncbi.nlm.nih.gov/genomes/all/GCF/002/928/265/GCF_002928265.1_ASM292826v1/GCF_002928265.1_ASM292826v1_genomic.fna.gz
Mycobacterium avium subsp. hominissuis	https://ftp.ncbi.nlm.nih.gov/genomes/all/GCF/002/928/255/GCF_002928255.1_ASM292825v1	https://ftp.ncbi.nlm.nih.gov/genomes/all/GCF/002/928/255/GCF_002928255.1_ASM292825v1/GCF_002928255.1_ASM292825v1_genomic.fna.gz
Mycobacterium avium subsp. hominissuis	https://ftp.ncbi.nlm.nih.gov/genomes/all/GCF/002/894/345/GCF_002894345.1_ASM289434v1	https://ftp.ncbi.nlm.nih.gov/genomes/all/GCF/002/894/345/GCF_002894345.1_ASM289434v1/GCF_002894345.1_ASM289434v1_genomic.fna.gz
Mycobacterium avium subsp. hominissuis	https://ftp.ncbi.nlm.nih.gov/genomes/all/GCF/002/928/215/GCF_002928215.1_ASM292821v1	https://ftp.ncbi.nlm.nih.gov/genomes/all/GCF/002/928/215/GCF_002928215.1_ASM292821v1/GCF_002928215.1_ASM292821v1_genomic.fna.gz
Mycobacterium avium subsp. hominissuis	https://ftp.ncbi.nlm.nih.gov/genomes/all/GCF/003/013/375/GCF_003013375.1_ASM301337v1	https://ftp.ncbi.nlm.nih.gov/genomes/all/GCF/003/013/375/GCF_003013375.1_ASM301337v1/GCF_003013375.1_ASM301337v1_genomic.fna.gz
Mycobacterium avium subsp. hominissuis	https://ftp.ncbi.nlm.nih.gov/genomes/all/GCF/002/716/905/GCF_002716905.3_ASM271690v4	https://ftp.ncbi.nlm.nih.gov/genomes/all/GCF/002/716/905/GCF_002716905.3_ASM271690v4/GCF_002716905.3_ASM271690v4_genomic.fna.gz
Mycobacterium avium subsp. hominissuis	https://ftp.ncbi.nlm.nih.gov/genomes/all/GCF/003/408/535/GCF_003408535.1_ASM340853v1	https://ftp.ncbi.nlm.nih.gov/genomes/all/GCF/003/408/535/GCF_003408535.1_ASM340853v1/GCF_003408535.1_ASM340853v1_genomic.fna.gz
Mycobacterium avium subsp. hominissuis	https://ftp.ncbi.nlm.nih.gov/genomes/all/GCF/005/518/055/GCF_005518055.1_ASM551805v1	https://ftp.ncbi.nlm.nih.gov/genomes/all/GCF/005/518/055/GCF_005518055.1_ASM551805v1/GCF_005518055.1_ASM551805v1_genomic.fna.gz
Mycobacterium avium subsp. hominissuis	https://ftp.ncbi.nlm.nih.gov/genomes/all/GCF/002/304/065/GCF_002304065.2_ASM230406v2	https://ftp.ncbi.nlm.nih.gov/genomes/all/GCF/002/304/065/GCF_002304065.2_ASM230406v2/GCF_002304065.2_ASM230406v2_genomic.fna.gz
Mycobacterium avium subsp. hominissuis	https://ftp.ncbi.nlm.nih.gov/genomes/all/GCF/002/716/925/GCF_002716925.3_ASM271692v3	https://ftp.ncbi.nlm.nih.gov/genomes/all/GCF/002/716/925/GCF_002716925.3_ASM271692v3/GCF_002716925.3_ASM271692v3_genomic.fna.gz
Mycobacterium avium subsp. hominissuis	https://ftp.ncbi.nlm.nih.gov/genomes/all/GCF/002/716/965/GCF_002716965.3_ASM271696v4	https://ftp.ncbi.nlm.nih.gov/genomes/all/GCF/002/716/965/GCF_002716965.3_ASM271696v4/GCF_002716965.3_ASM271696v4_genomic.fna.gz
Mycobacterium avium subsp. hominissuis	https://ftp.ncbi.nlm.nih.gov/genomes/all/GCF/020/275/125/GCF_020275125.1_ASM2027512v1	https://ftp.ncbi.nlm.nih.gov/genomes/all/GCF/020/275/125/GCF_020275125.1_ASM2027512v1/GCF_020275125.1_ASM2027512v1_genomic.fna.gz
Mycobacterium avium subsp. hominissuis	https://ftp.ncbi.nlm.nih.gov/genomes/all/GCF/020/275/735/GCF_020275735.1_ASM2027573v1	https://ftp.ncbi.nlm.nih.gov/genomes/all/GCF/020/275/735/GCF_020275735.1_ASM2027573v1/GCF_020275735.1_ASM2027573v1_genomic.fna.gz
Mycobacterium avium subsp. hominissuis	https://ftp.ncbi.nlm.nih.gov/genomes/all/GCF/020/275/665/GCF_020275665.1_ASM2027566v1	https://ftp.ncbi.nlm.nih.gov/genomes/all/GCF/020/275/665/GCF_020275665.1_ASM2027566v1/GCF_020275665.1_ASM2027566v1_genomic.fna.gz
Mycobacterium avium subsp. hominissuis	https://ftp.ncbi.nlm.nih.gov/genomes/all/GCF/020/055/185/GCF_020055185.1_ASM2005518v1	https://ftp.ncbi.nlm.nih.gov/genomes/all/GCF/020/055/185/GCF_020055185.1_ASM2005518v1/GCF_020055185.1_ASM2005518v1_genomic.fna.gz
Mycobacterium avium subsp. hominissuis	https://ftp.ncbi.nlm.nih.gov/genomes/all/GCF/020/054/535/GCF_020054535.1_ASM2005453v1	https://ftp.ncbi.nlm.nih.gov/genomes/all/GCF/020/054/535/GCF_020054535.1_ASM2005453v1/GCF_020054535.1_ASM2005453v1_genomic.fna.gz
Mycobacterium avium subsp. hominissuis	https://ftp.ncbi.nlm.nih.gov/genomes/all/GCF/020/055/445/GCF_020055445.1_ASM2005544v1	https://ftp.ncbi.nlm.nih.gov/genomes/all/GCF/020/055/445/GCF_020055445.1_ASM2005544v1/GCF_020055445.1_ASM2005544v1_genomic.fna.gz
Mycobacterium avium subsp. hominissuis	https://ftp.ncbi.nlm.nih.gov/genomes/all/GCF/020/055/485/GCF_020055485.1_ASM2005548v1	https://ftp.ncbi.nlm.nih.gov/genomes/all/GCF/020/055/485/GCF_020055485.1_ASM2005548v1/GCF_020055485.1_ASM2005548v1_genomic.fna.gz
Mycobacterium avium subsp. hominissuis	https://ftp.ncbi.nlm.nih.gov/genomes/all/GCF/009/002/535/GCF_009002535.1_ASM900253v1	https://ftp.ncbi.nlm.nih.gov/genomes/all/GCF/009/002/535/GCF_009002535.1_ASM900253v1/GCF_009002535.1_ASM900253v1_genomic.fna.gz
Mycobacterium avium subsp. hominissuis	https://ftp.ncbi.nlm.nih.gov/genomes/all/GCF/020/275/625/GCF_020275625.1_ASM2027562v1	https://ftp.ncbi.nlm.nih.gov/genomes/all/GCF/020/275/625/GCF_020275625.1_ASM2027562v1/GCF_020275625.1_ASM2027562v1_genomic.fna.gz
Mycobacterium avium subsp. hominissuis	https://ftp.ncbi.nlm.nih.gov/genomes/all/GCF/020/275/705/GCF_020275705.1_ASM2027570v1	https://ftp.ncbi.nlm.nih.gov/genomes/all/GCF/020/275/705/GCF_020275705.1_ASM2027570v1/GCF_020275705.1_ASM2027570v1_genomic.fna.gz
Mycobacterium avium subsp. hominissuis	https://ftp.ncbi.nlm.nih.gov/genomes/all/GCF/020/275/605/GCF_020275605.1_ASM2027560v1	https://ftp.ncbi.nlm.nih.gov/genomes/all/GCF/020/275/605/GCF_020275605.1_ASM2027560v1/GCF_020275605.1_ASM2027560v1_genomic.fna.gz
Mycobacterium avium subsp. hominissuis	https://ftp.ncbi.nlm.nih.gov/genomes/all/GCF/020/227/555/GCF_020227555.1_ASM2022755v1	https://ftp.ncbi.nlm.nih.gov/genomes/all/GCF/020/227/555/GCF_020227555.1_ASM2022755v1/GCF_020227555.1_ASM2022755v1_genomic.fna.gz
Mycobacterium avium subsp. hominissuis	https://ftp.ncbi.nlm.nih.gov/genomes/all/GCF/020/275/645/GCF_020275645.1_ASM2027564v1	https://ftp.ncbi.nlm.nih.gov/genomes/all/GCF/020/275/645/GCF_020275645.1_ASM2027564v1/GCF_020275645.1_ASM2027564v1_genomic.fna.gz
Mycobacterium avium subsp. hominissuis	https://ftp.ncbi.nlm.nih.gov/genomes/all/GCF/020/275/145/GCF_020275145.1_ASM2027514v1	https://ftp.ncbi.nlm.nih.gov/genomes/all/GCF/020/275/145/GCF_020275145.1_ASM2027514v1/GCF_020275145.1_ASM2027514v1_genomic.fna.gz
Mycobacterium avium subsp. hominissuis	https://ftp.ncbi.nlm.nih.gov/genomes/all/GCF/020/055/095/GCF_020055095.1_ASM2005509v1	https://ftp.ncbi.nlm.nih.gov/genomes/all/GCF/020/055/095/GCF_020055095.1_ASM2005509v1/GCF_020055095.1_ASM2005509v1_genomic.fna.gz
Mycobacterium avium subsp. hominissuis	https://ftp.ncbi.nlm.nih.gov/genomes/all/GCF/020/055/155/GCF_020055155.1_ASM2005515v1	https://ftp.ncbi.nlm.nih.gov/genomes/all/GCF/020/055/155/GCF_020055155.1_ASM2005515v1/GCF_020055155.1_ASM2005515v1_genomic.fna.gz
Mycobacterium avium subsp. hominissuis	https://ftp.ncbi.nlm.nih.gov/genomes/all/GCF/020/055/565/GCF_020055565.1_ASM2005556v1	https://ftp.ncbi.nlm.nih.gov/genomes/all/GCF/020/055/565/GCF_020055565.1_ASM2005556v1/GCF_020055565.1_ASM2005556v1_genomic.fna.gz
Mycobacterium avium subsp. hominissuis	https://ftp.ncbi.nlm.nih.gov/genomes/all/GCF/020/055/585/GCF_020055585.1_ASM2005558v1	https://ftp.ncbi.nlm.nih.gov/genomes/all/GCF/020/055/585/GCF_020055585.1_ASM2005558v1/GCF_020055585.1_ASM2005558v1_genomic.fna.gz
Mycobacterium avium subsp. hominissuis	https://ftp.ncbi.nlm.nih.gov/genomes/all/GCF/020/055/495/GCF_020055495.1_ASM2005549v1	https://ftp.ncbi.nlm.nih.gov/genomes/all/GCF/020/055/495/GCF_020055495.1_ASM2005549v1/GCF_020055495.1_ASM2005549v1_genomic.fna.gz
Mycobacterium avium subsp. hominissuis	https://ftp.ncbi.nlm.nih.gov/genomes/all/GCF/020/055/525/GCF_020055525.1_ASM2005552v1	https://ftp.ncbi.nlm.nih.gov/genomes/all/GCF/020/055/525/GCF_020055525.1_ASM2005552v1/GCF_020055525.1_ASM2005552v1_genomic.fna.gz
Mycobacterium avium subsp. hominissuis	https://ftp.ncbi.nlm.nih.gov/genomes/all/GCF/020/055/385/GCF_020055385.1_ASM2005538v1	https://ftp.ncbi.nlm.nih.gov/genomes/all/GCF/020/055/385/GCF_020055385.1_ASM2005538v1/GCF_020055385.1_ASM2005538v1_genomic.fna.gz
Mycobacterium avium subsp. hominissuis	https://ftp.ncbi.nlm.nih.gov/genomes/all/GCF/020/055/365/GCF_020055365.1_ASM2005536v1	https://ftp.ncbi.nlm.nih.gov/genomes/all/GCF/020/055/365/GCF_020055365.1_ASM2005536v1/GCF_020055365.1_ASM2005536v1_genomic.fna.gz
Mycobacterium avium subsp. hominissuis	https://ftp.ncbi.nlm.nih.gov/genomes/all/GCF/004/345/205/GCF_004345205.2_ASM434520v2	https://ftp.ncbi.nlm.nih.gov/genomes/all/GCF/004/345/205/GCF_004345205.2_ASM434520v2/GCF_004345205.2_ASM434520v2_genomic.fna.gz
Mycobacterium avium subsp. hominissuis	https://ftp.ncbi.nlm.nih.gov/genomes/all/GCF/001/865/635/GCF_001865635.4_ASM186563v4	https://ftp.ncbi.nlm.nih.gov/genomes/all/GCF/001/865/635/GCF_001865635.4_ASM186563v4/GCF_001865635.4_ASM186563v4_genomic.fna.gz
Mycobacterium avium subsp. hominissuis	https://ftp.ncbi.nlm.nih.gov/genomes/all/GCF/020/054/575/GCF_020054575.1_ASM2005457v1	https://ftp.ncbi.nlm.nih.gov/genomes/all/GCF/020/054/575/GCF_020054575.1_ASM2005457v1/GCF_020054575.1_ASM2005457v1_genomic.fna.gz
Mycobacterium avium subsp. hominissuis	https://ftp.ncbi.nlm.nih.gov/genomes/all/GCF/020/055/295/GCF_020055295.1_ASM2005529v1	https://ftp.ncbi.nlm.nih.gov/genomes/all/GCF/020/055/295/GCF_020055295.1_ASM2005529v1/GCF_020055295.1_ASM2005529v1_genomic.fna.gz
Mycobacterium avium subsp. hominissuis	https://ftp.ncbi.nlm.nih.gov/genomes/all/GCF/020/055/245/GCF_020055245.1_ASM2005524v1	https://ftp.ncbi.nlm.nih.gov/genomes/all/GCF/020/055/245/GCF_020055245.1_ASM2005524v1/GCF_020055245.1_ASM2005524v1_genomic.fna.gz
Mycobacterium avium subsp. hominissuis	https://ftp.ncbi.nlm.nih.gov/genomes/all/GCF/020/055/225/GCF_020055225.1_ASM2005522v1	https://ftp.ncbi.nlm.nih.gov/genomes/all/GCF/020/055/225/GCF_020055225.1_ASM2005522v1/GCF_020055225.1_ASM2005522v1_genomic.fna.gz
Mycobacterium avium subsp. hominissuis	https://ftp.ncbi.nlm.nih.gov/genomes/all/GCF/020/055/205/GCF_020055205.1_ASM2005520v1	https://ftp.ncbi.nlm.nih.gov/genomes/all/GCF/020/055/205/GCF_020055205.1_ASM2005520v1/GCF_020055205.1_ASM2005520v1_genomic.fna.gz
Mycobacterium avium subsp. hominissuis	https://ftp.ncbi.nlm.nih.gov/genomes/all/GCF/020/055/325/GCF_020055325.1_ASM2005532v1	https://ftp.ncbi.nlm.nih.gov/genomes/all/GCF/020/055/325/GCF_020055325.1_ASM2005532v1/GCF_020055325.1_ASM2005532v1_genomic.fna.gz
Mycobacterium avium subsp. hominissuis	https://ftp.ncbi.nlm.nih.gov/genomes/all/GCF/020/055/405/GCF_020055405.1_ASM2005540v1	https://ftp.ncbi.nlm.nih.gov/genomes/all/GCF/020/055/405/GCF_020055405.1_ASM2005540v1/GCF_020055405.1_ASM2005540v1_genomic.fna.gz
Mycobacterium avium subsp. hominissuis	https://ftp.ncbi.nlm.nih.gov/genomes/all/GCF/020/055/375/GCF_020055375.1_ASM2005537v1	https://ftp.ncbi.nlm.nih.gov/genomes/all/GCF/020/055/375/GCF_020055375.1_ASM2005537v1/GCF_020055375.1_ASM2005537v1_genomic.fna.gz
Mycobacterium avium subsp. hominissuis	https://ftp.ncbi.nlm.nih.gov/genomes/all/GCF/020/055/125/GCF_020055125.1_ASM2005512v1	https://ftp.ncbi.nlm.nih.gov/genomes/all/GCF/020/055/125/GCF_020055125.1_ASM2005512v1/GCF_020055125.1_ASM2005512v1_genomic.fna.gz
Mycobacterium avium subsp. hominissuis	https://ftp.ncbi.nlm.nih.gov/genomes/all/GCF/020/055/545/GCF_020055545.1_ASM2005554v1	https://ftp.ncbi.nlm.nih.gov/genomes/all/GCF/020/055/545/GCF_020055545.1_ASM2005554v1/GCF_020055545.1_ASM2005554v1_genomic.fna.gz
Mycobacterium avium subsp. hominissuis	https://ftp.ncbi.nlm.nih.gov/genomes/all/GCF/020/055/345/GCF_020055345.1_ASM2005534v1	https://ftp.ncbi.nlm.nih.gov/genomes/all/GCF/020/055/345/GCF_020055345.1_ASM2005534v1/GCF_020055345.1_ASM2005534v1_genomic.fna.gz
Mycobacterium avium subsp. hominissuis	https://ftp.ncbi.nlm.nih.gov/genomes/all/GCF/020/055/235/GCF_020055235.1_ASM2005523v1	https://ftp.ncbi.nlm.nih.gov/genomes/all/GCF/020/055/235/GCF_020055235.1_ASM2005523v1/GCF_020055235.1_ASM2005523v1_genomic.fna.gz
Mycobacterium avium subsp. hominissuis	https://ftp.ncbi.nlm.nih.gov/genomes/all/GCF/020/055/605/GCF_020055605.1_ASM2005560v1	https://ftp.ncbi.nlm.nih.gov/genomes/all/GCF/020/055/605/GCF_020055605.1_ASM2005560v1/GCF_020055605.1_ASM2005560v1_genomic.fna.gz
Mycobacterium avium subsp. hominissuis	https://ftp.ncbi.nlm.nih.gov/genomes/all/GCF/022/097/135/GCF_022097135.1_ASM2209713v1	https://ftp.ncbi.nlm.nih.gov/genomes/all/GCF/022/097/135/GCF_022097135.1_ASM2209713v1/GCF_022097135.1_ASM2209713v1_genomic.fna.gz
Mycobacterium avium subsp. hominissuis	https://ftp.ncbi.nlm.nih.gov/genomes/all/GCF/020/055/465/GCF_020055465.1_ASM2005546v1	https://ftp.ncbi.nlm.nih.gov/genomes/all/GCF/020/055/465/GCF_020055465.1_ASM2005546v1/GCF_020055465.1_ASM2005546v1_genomic.fna.gz
Mycobacterium avium subsp. hominissuis	https://ftp.ncbi.nlm.nih.gov/genomes/all/GCF/020/054/555/GCF_020054555.1_ASM2005455v1	https://ftp.ncbi.nlm.nih.gov/genomes/all/GCF/020/054/555/GCF_020054555.1_ASM2005455v1/GCF_020054555.1_ASM2005455v1_genomic.fna.gz
Mycobacterium avium subsp. hominissuis	https://ftp.ncbi.nlm.nih.gov/genomes/all/GCF/020/055/285/GCF_020055285.1_ASM2005528v1	https://ftp.ncbi.nlm.nih.gov/genomes/all/GCF/020/055/285/GCF_020055285.1_ASM2005528v1/GCF_020055285.1_ASM2005528v1_genomic.fna.gz
Mycobacterium avium subsp. hominissuis	https://ftp.ncbi.nlm.nih.gov/genomes/all/GCF/020/055/145/GCF_020055145.1_ASM2005514v1	https://ftp.ncbi.nlm.nih.gov/genomes/all/GCF/020/055/145/GCF_020055145.1_ASM2005514v1/GCF_020055145.1_ASM2005514v1_genomic.fna.gz
Mycobacterium avium subsp. hominissuis	https://ftp.ncbi.nlm.nih.gov/genomes/all/GCF/020/054/515/GCF_020054515.1_ASM2005451v1	https://ftp.ncbi.nlm.nih.gov/genomes/all/GCF/020/054/515/GCF_020054515.1_ASM2005451v1/GCF_020054515.1_ASM2005451v1_genomic.fna.gz
Mycobacterium avium subsp. hominissuis	https://ftp.ncbi.nlm.nih.gov/genomes/all/GCF/020/227/575/GCF_020227575.1_ASM2022757v1	https://ftp.ncbi.nlm.nih.gov/genomes/all/GCF/020/227/575/GCF_020227575.1_ASM2022757v1/GCF_020227575.1_ASM2022757v1_genomic.fna.gz
Mycobacterium avium subsp. hominissuis	https://ftp.ncbi.nlm.nih.gov/genomes/all/GCF/030/509/695/GCF_030509695.1_ASM3050969v1	https://ftp.ncbi.nlm.nih.gov/genomes/all/GCF/030/509/695/GCF_030509695.1_ASM3050969v1/GCF_030509695.1_ASM3050969v1_genomic.fna.gz
Mycobacterium avium subsp. hominissuis	https://ftp.ncbi.nlm.nih.gov/genomes/all/GCF/030/509/665/GCF_030509665.1_ASM3050966v1	https://ftp.ncbi.nlm.nih.gov/genomes/all/GCF/030/509/665/GCF_030509665.1_ASM3050966v1/GCF_030509665.1_ASM3050966v1_genomic.fna.gz
Mycobacterium avium subsp. hominissuis	https://ftp.ncbi.nlm.nih.gov/genomes/all/GCF/030/509/765/GCF_030509765.1_ASM3050976v1	https://ftp.ncbi.nlm.nih.gov/genomes/all/GCF/030/509/765/GCF_030509765.1_ASM3050976v1/GCF_030509765.1_ASM3050976v1_genomic.fna.gz
Mycobacterium avium subsp. hominissuis	https://ftp.ncbi.nlm.nih.gov/genomes/all/GCF/030/509/745/GCF_030509745.1_ASM3050974v1	https://ftp.ncbi.nlm.nih.gov/genomes/all/GCF/030/509/745/GCF_030509745.1_ASM3050974v1/GCF_030509745.1_ASM3050974v1_genomic.fna.gz
Mycobacterium avium subsp. hominissuis	https://ftp.ncbi.nlm.nih.gov/genomes/all/GCF/030/509/805/GCF_030509805.1_ASM3050980v1	https://ftp.ncbi.nlm.nih.gov/genomes/all/GCF/030/509/805/GCF_030509805.1_ASM3050980v1/GCF_030509805.1_ASM3050980v1_genomic.fna.gz
Mycobacterium avium subsp. hominissuis	https://ftp.ncbi.nlm.nih.gov/genomes/all/GCF/022/175/585/GCF_022175585.1_ASM2217558v1	https://ftp.ncbi.nlm.nih.gov/genomes/all/GCF/022/175/585/GCF_022175585.1_ASM2217558v1/GCF_022175585.1_ASM2217558v1_genomic.fna.gz
Mycobacterium avium subsp. hominissuis	https://ftp.ncbi.nlm.nih.gov/genomes/all/GCF/032/907/505/GCF_032907505.1_ASM3290750v1	https://ftp.ncbi.nlm.nih.gov/genomes/all/GCF/032/907/505/GCF_032907505.1_ASM3290750v1/GCF_032907505.1_ASM3290750v1_genomic.fna.gz
Mycobacterium avium subsp. hominissuis	https://ftp.ncbi.nlm.nih.gov/genomes/all/GCF/038/446/155/GCF_038446155.1_ASM3844615v1	https://ftp.ncbi.nlm.nih.gov/genomes/all/GCF/038/446/155/GCF_038446155.1_ASM3844615v1/GCF_038446155.1_ASM3844615v1_genomic.fna.gz
Mycobacterium avium subsp. hominissuis	https://ftp.ncbi.nlm.nih.gov/genomes/all/GCF/038/446/185/GCF_038446185.1_ASM3844618v1	https://ftp.ncbi.nlm.nih.gov/genomes/all/GCF/038/446/185/GCF_038446185.1_ASM3844618v1/GCF_038446185.1_ASM3844618v1_genomic.fna.gz
Mycobacterium avium subsp. hominissuis	https://ftp.ncbi.nlm.nih.gov/genomes/all/GCF/030/509/685/GCF_030509685.1_ASM3050968v1	https://ftp.ncbi.nlm.nih.gov/genomes/all/GCF/030/509/685/GCF_030509685.1_ASM3050968v1/GCF_030509685.1_ASM3050968v1_genomic.fna.gz
